window,jd_mean,jd_median,jd__TIME_STAMP,jd__lon,jd__lat,jd__speed,jd__technology,jd__lte_band,jd__lte_serv_rsrp,jd__lte_serv_rsrq,jd__lte_serv_rssi,jd__lte_cqi0,jd__lte_cqi1,jd__nr_band,jd__nr_serv_rsrp,jd__nr_serv_rsrq,jd__nr_serv_sinr,jd__nr_cqi,jd__dl_tput,jd__ul_tput,jd__lte_nbr_rsrp,jd__lte_nbr_rsrq,jd__irat_rsrp,jd__irat_rsrq,jd__nr_nbr_rsrp,jd__nr_nbr_rsrq,jd__lte_ho_category,jd__nr_ho_category
0,14.716069044174626,17.84075570739393,20.244863168815446,22.733709956679775,20.80261017059309,3.1560135586630773,22.188912479382058,0.0,17.77231140768919,3.591704810567879,15.887667232992081,12.136765953330176,10.398248861515878,0.0,17.023470057124257,16.930952148544876,18.022751744190778,17.929960333062752,19.426469501804426,22.43955851308994,22.53170414711648,17.90920000709867,22.80884708989605,24.026695580781826,16.730643450937308,17.916688714059543,0.0021936389864738014,0.005852621618258938
1,14.574816835363034,17.408894908656585,20.184879386989707,22.733709956679775,20.80261017059309,3.1560135586630773,22.188912479382058,0.0,17.28122058957806,3.494789703190532,17.53656922773511,11.121918539493892,5.71437693218811,0.0,17.023470057124257,16.930952148544876,18.022751744190778,17.929960333062752,19.426469501804426,22.43955851308994,21.711998626063416,16.995841969725628,24.188003682426036,25.40585217331181,16.730643450937308,17.916688714059543,0.0021936389864738014,0.005852621618258938
2,14.57751996862302,17.3845388898686,20.092002040749563,22.733709956679775,20.80261017059309,3.1560135586630773,22.188912479382058,0.0,17.23022982383649,2.2189296248233745,17.407805468052043,13.385440161387631,5.815547559387796,0.0,17.023470057124257,16.930952148544876,18.022751744190778,17.929960333062752,19.426469501804426,22.43955851308994,20.60064944980199,17.36127231168516,24.188003682426036,25.40585217331181,16.730643450937308,17.916688714059543,0.0021936389864738014,0.005852621618258938
3,14.206329976709434,16.977211102834566,20.169500532955507,22.733709956679775,20.80261017059309,3.1560135586630773,22.188912479382058,0.0,14.225342006567523,2.3644285037753003,12.971660977719424,9.90278164231484,8.95796544163089,0.0,17.023470057124257,16.930952148544876,18.022751744190778,17.929960333062752,19.426469501804426,20.210648077299382,21.638646391548633,16.459521589249242,24.188003682426036,25.40585217331181,16.730643450937308,17.916688714059543,0.0021936389864738014,0.005852621618258938
4,14.6769381314505,17.4700793855919,20.21271001875161,20.28629579325068,20.80261017059309,3.1560135586630773,22.188912479382058,0.0,15.59872144373816,4.001470030180335,14.750969727293674,13.20868355089661,10.628233579743345,0.0,17.023470057124257,16.930952148544876,18.022751744190778,17.929960333062752,19.426469501804426,21.96445397472724,21.645989343808502,19.572489680618094,24.188003682426036,25.40585217331181,16.730643450937308,17.916688714059543,0.0021936389864738014,0.005852621618258938
5,14.78227772477871,17.803196419539745,20.13372697948305,20.70646196220799,20.80261017059309,3.1560135586630773,22.188912479382058,0.0,18.938901475771,5.621045373158694,17.689704125019947,12.63133948473371,10.220189786719725,0.0,17.023470057124257,16.930952148544876,18.022751744190778,17.929960333062752,19.426469501804426,20.700081701172277,20.804574935374227,17.162820745901122,24.188003682426036,25.40585217331181,16.730643450937308,17.916688714059543,0.0021936389864738014,0.005852621618258938
6,13.963563271593369,17.50013647611853,20.16662444306676,20.70646196220799,20.80261017059309,3.1560135586630773,22.188912479382058,0.0,15.457868608302258,4.645017491892505,17.08358423817752,3.7135259173919826,2.3436234471610016,0.0,17.023470057124257,16.930952148544876,18.022751744190778,17.929960333062752,19.426469501804426,22.43955851308994,20.663359517797605,18.96684719838008,22.75590340705366,23.973751897939437,16.730643450937308,17.916688714059543,0.0021936389864738014,0.005852621618258938
7,14.746435912470607,17.59598596778466,20.089091588785646,20.70646196220799,20.80261017059309,3.1560135586630773,22.188912479382058,0.0,17.65788627376407,4.200412953920336,17.53408566180525,13.237749107058283,10.603425872402585,0.0,17.023470057124257,16.930952148544876,18.022751744190778,17.929960333062752,19.426469501804426,22.43955851308994,21.112567750282967,16.345470393781852,24.063128368642115,25.28097685952789,16.730643450937308,17.916688714059543,0.0021936389864738014,0.005852621618258938
8,14.434823010006575,17.4700793855919,20.159507166456244,20.70646196220799,20.80261017059309,3.1560135586630773,22.188912479382058,0.0,18.772659114050075,6.5187178669201895,15.702595238464143,10.620592848307647,6.160785335383844,0.0,17.023470057124257,16.930952148544876,18.022751744190778,17.929960333062752,19.426469501804426,22.43955851308994,18.510440354653536,16.233456213500467,24.063128368642115,25.28097685952789,16.730643450937308,17.916688714059543,0.0021936389864738014,0.005852621618258938
9,14.221942298270086,16.977211102834566,20.154284192303116,20.70646196220799,20.80261017059309,3.1560135586630773,22.188912479382058,0.0,13.855395684644435,4.008305119491117,14.233471365061767,8.445644025992447,9.065628133486836,0.0,17.023470057124257,16.930952148544876,18.022751744190778,17.929960333062752,19.426469501804426,22.43955851308994,20.62529743018382,16.755829681423908,24.063128368642115,25.28097685952789,16.730643450937308,17.916688714059543,0.0021936389864738014,0.005852621618258938
10,14.702873933625028,17.79246325343969,20.176444786424447,20.70646196220799,20.80261017059309,3.1560135586630773,22.188912479382058,0.0,19.961044807133696,6.9078353540706985,19.27005169088839,10.286512200276412,11.138226023531494,0.0,17.023470057124257,16.930952148544876,18.022751744190778,17.929960333062752,19.426469501804426,20.204495332098706,17.668237792819834,16.474788677662175,24.063128368642115,25.28097685952789,16.730643450937308,17.916688714059543,0.0021936389864738014,0.005852621618258938
11,14.522438352027496,17.4700793855919,20.153223644329284,20.70646196220799,20.80261017059309,3.1560135586630773,22.188912479382058,0.0,15.492655383518118,5.184639963982059,14.164153297610026,9.26227701621781,11.30071310807309,0.0,17.023470057124257,16.930952148544876,18.022751744190778,17.929960333062752,19.426469501804426,21.96445397472724,21.320609656521206,18.553585498391175,24.063128368642115,25.28097685952789,16.730643450937308,17.916688714059543,0.0021936389864738014,0.005852621618258938
12,12.88878501076526,16.83079779974109,20.117609106133774,20.70646196220799,20.80261017059309,3.1560135586630773,22.188912479382058,0.0,16.16800842481389,2.2034274023083555,13.053706355662458,6.55525070332989,5.085937626439276,0.0,17.023470057124257,16.930952148544876,18.022751744190778,17.929960333062752,19.426469501804426,20.1477913247412,20.388362890173525,15.704976393174105,22.695487980310244,2.144871691635173,16.730643450937308,17.916688714059543,0.0021936389864738014,0.005852621618258938
13,13.727119917097642,17.298560878005702,20.196281475854875,20.70646196220799,20.80261017059309,3.1560135586630773,22.188912479382058,0.0,18.638648235630253,5.643059022171055,17.573651698887144,12.283808671676123,9.464183969326886,0.0,17.023470057124257,16.930952148544876,18.022751744190778,17.929960333062752,19.426469501804426,22.43955851308994,18.430454375437577,15.895483375552937,24.173558927187933,1.3234491985491554,16.730643450937308,17.916688714059543,0.0021936389864738014,0.005852621618258938
14,13.355398505521748,16.83079779974109,20.110977252052717,20.70646196220799,18.9926165822811,3.1560135586630773,22.188912479382058,0.0,15.55059736129997,6.992879968027555,14.03729133787673,9.732045903888492,10.384811586540607,0.0,17.023470057124257,16.930952148544876,18.022751744190778,17.929960333062752,19.426469501804426,20.219517381103046,19.95775815922358,15.724487274952773,24.173558927187933,1.3234491985491554,16.730643450937308,17.916688714059543,0.0021936389864738014,0.005852621618258938
15,13.706164474922215,17.239423524128668,20.146687235816238,20.70646196220799,21.499955001480764,3.1560135586630773,22.188912479382058,0.0,18.993797660641142,6.56917412873327,17.455376991133082,9.458402826577716,11.034917187976347,0.0,17.023470057124257,16.930952148544876,18.022751744190778,17.929960333062752,19.426469501804426,21.96445397472724,19.4867559721474,14.213377032425507,24.173558927187933,1.3234491985491554,16.730643450937308,17.916688714059543,0.0021936389864738014,0.005852621618258938
16,13.54514139244647,16.83079779974109,20.22563096583642,20.70646196220799,21.499955001480764,3.1560135586630773,22.188912479382058,0.0,15.859731815840616,5.307747634884752,15.564393940829378,10.218624115552561,10.534454864890606,0.0,17.023470057124257,16.930952148544876,18.022751744190778,17.929960333062752,19.426469501804426,21.96445397472724,19.718163630075622,15.743141923171384,24.173558927187933,1.3234491985491554,16.730643450937308,17.916688714059543,0.0021936389864738014,0.005852621618258938
17,13.6439235843296,17.851820515141334,20.204152447889395,20.70646196220799,21.499955001480764,3.1560135586630773,22.188912479382058,0.0,20.00334702398631,5.286939030336679,18.222796271688985,9.637792893194282,5.829840085525399,0.0,17.023470057124257,16.930952148544876,18.022751744190778,17.929960333062752,19.426469501804426,21.96445397472724,18.768405811198583,17.78695231622313,24.173558927187933,1.3234491985491554,16.730643450937308,17.916688714059543,0.0021936389864738014,0.005852621618258938
18,12.963444872574456,16.977211102834566,20.207038784183215,20.70646196220799,21.499955001480764,3.1560135586630773,1.945075308559259,0.0,18.884813657014806,6.7565009820138755,18.70521629100156,10.40908343408811,10.559721873593482,0.0,17.023470057124257,16.930952148544876,18.022751744190778,17.929960333062752,19.426469501804426,21.96445397472724,20.676129141249753,16.09983406022021,20.16683724905471,1.3234491985491554,16.730643450937308,17.916688714059543,0.0021936389864738014,0.005852621618258938
19,11.118851892886884,14.24315414154993,20.17789310088237,20.70646196220799,21.499955001480764,3.1560135586630773,1.945075308559259,0.0,15.456975256952472,6.394784034346824,14.308242937069762,3.6472628998309564,1.583702249561447,0.0,17.88198426412634,14.850618659707848,16.437888855516807,13.579265117280569,16.631268902129793,21.77159915740353,17.27870957528792,14.685534580800683,20.692618423077057,1.3234491985491554,10.860060545172033,14.178065346030095,0.0021936389864738014,0.040526641435789094
20,12.147970517921985,14.65750312253152,20.223607893689508,20.70646196220799,21.499955001480764,3.1560135586630773,1.945075308559259,0.0,12.723609384874399,5.640611623621437,11.579247423047274,12.853921110387057,13.873799526903174,0.0,19.86611450417617,19.61466942022007,15.441206718159865,16.48984530850746,17.62520538013429,19.03346328724148,16.249222179057057,16.144655912860454,20.692618423077057,1.3234491985491554,18.453404007605762,10.70303007234412,0.0021936389864738014,0.005852621618258938
21,11.780127922241066,13.778303337502294,20.271789209967334,19.705726441236095,21.499955001480764,3.1560135586630773,1.945075308559259,0.0,13.395270490065455,2.405369511420943,10.342600963026257,11.602926379711258,5.921936859309474,0.0,20.917867391565306,23.92054611494713,19.397779096756835,15.515980693191732,20.35447540317471,17.357006683048088,15.568826864336586,14.161336184939133,20.692618423077057,1.3234491985491554,11.865819179288401,14.95291076134897,0.0021936389864738014,0.005852621618258938
22,11.031663324856007,12.275732517600549,20.22926689970611,22.733709956679775,21.499955001480764,3.1560135586630773,1.945075308559259,0.0,14.585549423420925,2.6663643202297522,12.18431353862107,14.52499708997464,8.961124338308185,0.0,11.966885599487709,14.376730624351179,9.845919619310882,13.64071226541705,22.772915596525387,17.378341458987894,14.792957633564576,13.126780968561677,20.692618423077057,1.3234491985491554,12.367151496580028,12.044367865595287,0.0021936389864738014,0.005852621618258938
23,11.384411900191322,13.926746261790903,20.23373789821444,22.733709956679775,21.499955001480764,3.1560135586630773,1.945075308559259,0.0,15.685419812293416,3.4578623038269827,14.428149395650653,5.161912482236573,1.8766736365891068,0.0,18.54803357617133,13.813532722615061,13.838757250162137,18.92689933490854,23.916916190842677,15.835034995736274,16.41657380779458,12.79027886671984,20.692618423077057,1.3234491985491554,15.69132415017934,14.01473527341967,0.0021936389864738014,0.005852621618258938
24,11.602397764690226,13.781619561647664,20.22852226240918,21.7744080633775,21.499955001480764,3.1560135586630773,1.945075308559259,0.0,13.594570847150607,3.6993566183090265,12.273658304662915,13.968668276144722,8.961219368137652,0.0,14.925157899878357,16.930952148544876,8.880822814290399,11.069334409749228,23.43904239425671,17.357006683048088,17.585280497228847,17.06600723319496,20.692618423077057,1.3234491985491554,16.730643450937308,14.552532859691482,0.0021936389864738014,0.005852621618258938
25,11.000522818510346,12.903799533382214,20.210288969722377,23.581337233594326,19.786128300988192,3.1560135586630773,1.945075308559259,0.0,14.489686897959974,2.592236452630725,11.344852610814838,13.974137331669183,9.246223089885614,0.0,11.954854800116479,5.854763483397084,9.118016012339913,15.428294050161416,23.700879865242626,15.84832851680931,17.25372232241145,15.598905236409498,20.692618423077057,1.3234491985491554,13.85274426664795,15.05299109101476,0.0021936389864738014,0.005852621618258938
26,12.411707820949252,15.065254701244347,20.1997367794325,23.581337233594326,21.836461935280578,3.1560135586630773,1.945075308559259,0.0,15.32967134632398,2.2820135963934227,14.800838056164714,16.637991804833746,13.75044042222197,0.0,18.02595411969374,11.561903747666381,10.211279789536544,11.0713261427729,24.40603730139471,22.244516962890355,18.3673516294267,16.243600997788853,20.692618423077057,1.3234491985491554,19.51153958823529,15.517199141576562,0.0021936389864738014,0.005852621618258938
27,11.540905052123817,13.905719969239872,20.186358738333972,23.581337233594326,21.836461935280578,3.1560135586630773,1.945075308559259,0.0,16.1203265678792,3.597257288421044,14.233012984082858,15.007460894364032,9.001902482050205,0.0,15.519730237544707,11.548828886817896,11.340460732286854,13.74440739893896,20.89431738559151,15.90091602573231,17.3119473652096,16.105989979367425,20.692618423077057,1.3234491985491554,14.067032539540783,12.940579930729747,0.0021936389864738014,0.005852621618258938
28,11.365546539990213,13.23309839829436,20.232391639525176,23.581337233594326,21.836461935280578,3.1560135586630773,1.945075308559259,0.0,16.010502200069926,4.227389854830827,14.128223058947546,15.159420608079973,8.95917900635527,0.0,13.53853044264824,10.01218483408907,10.89076890618821,18.60740046914673,18.216575221351757,13.004143764136293,17.410230912371627,17.554956012531097,20.692618423077057,1.3234491985491554,11.547258158693227,13.462053032452424,0.0021936389864738014,0.005852621618258938
29,11.31860201022542,13.496171855791825,20.24539509274898,23.056978229935943,21.836461935280578,3.1560135586630773,1.945075308559259,0.0,18.150422654385498,4.836457316602532,15.803919105143953,9.486765528636166,13.683239992008154,0.0,14.71578582552624,10.495273596794867,9.159503734758442,16.387902262457352,17.80782097670522,16.91314134570714,14.400807392574325,13.309103719575495,20.692618423077057,1.3234491985491554,11.834823257227523,15.034647550339322,0.0021936389864738014,0.005852621618258938
30,12.369303671656601,15.27472050963748,20.28247653396985,23.668912862560312,21.836461935280578,3.1560135586630773,1.945075308559259,0.0,16.23275900908738,2.7643181915733086,14.815961758900622,14.081259081633824,17.110739055015177,0.0,15.733479260374336,14.25769368416973,11.529293413130182,13.88912901957531,18.526054938483288,21.764516564826728,17.791800266668805,16.780269813214943,20.692618423077057,1.3234491985491554,17.43878719176653,15.972780133387491,0.0021936389864738014,0.005852621618258938
31,12.990210344803804,15.671621923597844,20.293134277232383,23.668912862560312,21.836461935280578,3.1560135586630773,1.945075308559259,0.0,18.098739119,8.523483720944641,12.47454777600263,19.608699209466675,17.047180093125,0.0,19.498476377584577,11.749631285819005,14.313139776239089,16.19021998581751,20.583803253397267,24.853104854445146,17.654432550931798,15.153023861378175,20.692618423077057,1.3234491985491554,11.991000154562963,17.08227512165785,0.0021936389864738014,0.005852621618258938
32,12.127340828211569,14.572396523383087,20.272610923093353,23.668912862560312,21.836461935280578,3.1560135586630773,1.945075308559259,0.0,17.80610918577705,8.835292124122407,12.972589376614698,15.578716619791452,14.010610306872099,0.0,16.911777997865105,9.300157855662583,13.588623661838707,15.619031633162535,20.583803253397267,16.399228071188272,14.190333778615873,16.522939294725774,20.692618423077057,1.3234491985491554,14.954459268150304,15.134000635329155,0.0021936389864738014,0.005852621618258938
33,11.21025828855506,13.326784280046777,20.19533342977642,23.003275159142483,21.836461935280578,3.1560135586630773,1.945075308559259,0.0,13.365646218559354,3.8838112289805102,8.040811650909415,14.083568267794865,13.287922341534198,0.0,18.171643702173913,7.139270982647167,10.689468342150674,14.010485576815757,18.61367247527508,16.594963876919326,18.38874615348158,15.674525533783404,20.692618423077057,1.3234491985491554,12.67745194887598,14.684453928877602,0.0021936389864738014,0.005852621618258938
34,11.691584555915714,12.918595333696228,20.198513499538397,24.260820571473943,20.857097375803345,3.1560135586630773,1.945075308559259,0.0,16.4126291353135,3.9577653976774534,12.775731122900815,14.55682418873034,9.06714575143246,0.0,19.49693744574827,13.057842220310079,10.193279935529096,14.121675898694935,21.55292986176183,12.288268864148174,17.430621489802014,12.779348447082379,20.692618423077057,1.3234491985491554,18.370898485313187,15.477666013095092,0.0021936389864738014,0.005852621618258938
35,12.679011018421853,14.91317151178546,20.160754448906268,24.260820571473943,22.044959261779077,3.1560135586630773,1.945075308559259,0.0,19.07480225571899,5.302320525741658,15.429917965754843,13.962667039890656,17.110739055015177,0.0,18.92415973051727,9.742758165932136,14.816720551387952,18.858779816681597,21.16397449561371,13.915767294569124,18.106649195432944,14.685727471850983,20.692618423077057,1.3234491985491554,15.009622472182967,19.957943411065568,0.0021936389864738014,0.005852621618258938
36,12.490394590980335,15.864392166717689,20.187266254839116,19.668013009946918,22.044959261779077,3.1560135586630773,1.945075308559259,0.0,17.907080838994258,4.924231800907695,11.283342158945786,19.608699209466675,17.110739055015177,0.0,18.892829149142816,11.624405740987289,11.818837917159811,11.741563350823862,24.426551473824656,17.357006683048088,17.471854483170823,16.874771525286448,20.692618423077057,1.3234491985491554,14.854012808148928,19.828891894548022,0.0021936389864738014,0.005852621618258938
37,12.06735555136125,14.914639609145222,20.180329580253417,20.09547664642642,22.044959261779077,3.1560135586630773,1.945075308559259,0.0,15.810200212627162,6.257538585714206,12.387559178833106,19.608699209466675,17.110739055015177,0.0,18.922890247053846,14.38574957319977,6.893344036779272,16.086030319617272,20.912045850423183,13.21996892967244,14.627049884725135,15.202229333565311,20.692618423077057,1.3234491985491554,16.385398066497203,16.495833614290486,0.0021936389864738014,0.005852621618258938
38,11.540477296729817,13.836996173306247,20.184826827095925,20.09547664642642,22.044959261779077,3.1560135586630773,1.945075308559259,0.0,13.55193429034616,6.476213619286211,11.867888479684265,14.122058056266335,17.110739055015177,0.0,17.959527819344995,5.477402647003062,13.426053467668796,14.516593445670482,19.20102227297785,12.938052207047386,16.612718037974965,16.212513437630694,20.692618423077057,1.3234491985491554,15.605113685412556,15.524113708891598,0.0021936389864738014,0.005852621618258938
39,11.66172018293199,13.55466811574965,20.196295760371942,20.09547664642642,22.044959261779077,3.1560135586630773,1.945075308559259,0.0,15.147725167015,5.4058987548311155,11.84464647481427,14.437948568977234,13.513446069509584,0.0,20.101830898165172,8.039362792742146,12.300206426843218,17.929960333062752,21.11536603189373,17.357006683048088,14.810779394398729,15.071834544996504,20.692618423077057,1.3234491985491554,13.595890161989715,13.070888035913814,0.0021936389864738014,0.005852621618258938
40,11.389857148956079,12.604643859435072,20.193815202364913,20.09547664642642,22.044959261779077,3.1560135586630773,1.945075308559259,0.0,15.264785753303919,12.156055789844057,2.7110567233661644,14.294360609340872,13.132811701650688,0.0,21.138695176624626,11.635768236785703,9.591721435993955,15.101180615473831,24.436900358198457,17.357006683048088,14.510650813537074,13.053231929026088,20.692618423077057,1.3234491985491554,12.07254174010391,10.220064446536878,0.0021936389864738014,0.005852621618258938
41,12.77684362909818,16.406180919831186,20.206431789217646,18.817220422457122,22.044959261779077,3.1560135586630773,1.945075308559259,0.0,17.003530191721904,10.958915528092298,17.4573379989613,7.167015606605995,4.735852258001745,0.0,21.294110171232166,15.46459244840066,15.808831647940465,20.67396908441459,21.24483896389333,19.501048621908463,22.527183734087068,19.27340753980359,18.768000113482763,1.3234491985491554,19.968368136396627,12.772723259809139,0.04070296031461118,0.04435655226064378
42,12.626855860642753,16.094125839950483,20.187478301360162,22.390001027508966,22.044959261779077,3.1560135586630773,1.945075308559259,0.0,16.955426348970903,4.8263770801459,18.36256333769202,15.543194428453324,6.787569242878919,0.0,16.122083241028573,14.130889086161721,16.066168438872392,16.95797748994852,17.58343594351256,17.02752164772288,16.059496291903255,20.532281041642165,22.102254459319347,1.3234491985491554,20.22550396474649,17.925813396870648,0.0021936389864738014,0.040526641435789094
43,12.784510963189678,15.552344847687408,20.231817710699698,18.846734906111223,20.474475284832497,3.1560135586630773,1.945075308559259,0.0,21.955861530220215,3.6337976631181124,21.394311210910907,18.948249459147817,14.719708834544747,0.0,14.099744954874067,12.487675206537332,10.684949432087661,14.284194779526242,18.60344454237636,18.02402891921053,16.38498086083007,21.04250694868548,22.102254459319347,1.3234491985491554,20.12015061665244,17.925813396870648,0.0021936389864738014,0.005852621618258938
44,13.299687744502357,16.341295662379387,20.188947327223307,19.966772987003843,22.19890225095163,3.1560135586630773,1.945075308559259,0.0,20.985452460817477,2.5658224521149973,20.046707510505655,23.17013379990676,11.63207074459022,0.0,20.074608382890542,13.85393755326484,11.631609953099101,15.718300249777224,23.01876224995364,20.425610784469733,16.357268102873157,20.95416968885686,22.102254459319347,1.3234491985491554,18.142642851181172,16.32532322188562,0.0021936389864738014,0.005852621618258938
45,12.457853300349594,14.962816643735815,20.206897752671832,19.966772987003843,22.19890225095163,3.1560135586630773,1.945075308559259,0.0,16.865989281350657,2.916082820721741,16.706577696480853,19.364311450432574,14.651897958154535,0.0,12.23799461507099,12.962431499209368,12.994738658297404,12.8734419139252,23.01876224995364,16.594963876919326,15.273735329317095,18.595246911073577,22.102254459319347,1.3234491985491554,21.652338950192732,16.288260821666896,0.0021936389864738014,0.005852621618258938
46,11.811021609936109,14.33468614264746,20.200115172106205,19.966772987003843,22.19890225095163,3.1560135586630773,1.945075308559259,0.0,10.77400871127261,3.6579747406258813,8.119436503083234,13.413855522747726,16.097146138446075,0.0,14.810809372452901,14.54993247827353,14.119439807021392,16.362222826586752,19.333886275019946,18.3462571227849,17.255158153959833,13.95043527074189,22.102254459319347,1.3234491985491554,19.242327871225786,16.153041868339145,0.0021936389864738014,0.005852621618258938
47,11.574422111675059,12.249793570592837,20.19583396583931,19.966772987003843,22.19890225095163,3.1560135586630773,1.945075308559259,0.0,9.824862793961822,4.822531644089187,8.155465536608466,20.820102090983134,7.0827389278823665,0.0,14.624124383365446,12.231107113982796,11.562016822803805,12.268480027202878,20.445600561685467,22.034900906755517,16.814029766080317,13.620891821129769,22.102254459319347,1.3234491985491554,19.406451295644622,16.32532322188562,0.0021936389864738014,0.005852621618258938
48,12.184460511392201,14.43378500721503,20.20349394504993,18.63386989159033,22.19890225095163,3.1560135586630773,1.945075308559259,0.0,16.575865594082437,4.940328608515108,14.39417176767006,15.295364112810537,11.18944540950487,0.0,14.473398246760002,11.302760149184646,12.820323979655203,13.644109303093346,21.19729179713634,22.075138882815285,17.75760978167247,16.081606448905262,22.102254459319347,1.3234491985491554,17.55164094423356,17.925813396870648,0.0021936389864738014,0.005852621618258938
49,12.225223867751989,14.43497065682244,20.258037014744207,22.390001027508966,22.19890225095163,3.1560135586630773,1.945075308559259,0.0,13.571258723313878,3.8531626887237223,12.274220444718411,20.2064678771837,14.791148360303499,0.0,15.312463402470149,10.481328717903923,9.76656233679033,16.373767542511715,20.340409418426454,25.695621465070825,17.547315722741434,14.561357706945232,22.102254459319347,1.3234491985491554,15.390373468848411,14.30858360669965,0.0021936389864738014,0.005852621618258938
50,11.989144447905435,14.44880346988962,20.212015692587794,22.390001027508966,22.19890225095163,3.1560135586630773,1.945075308559259,0.0,16.519917694698375,3.926761365695509,10.710231796876926,16.776655366742396,10.39047595882517,0.0,14.792201129858617,10.806415242935488,9.293785094207934,15.224935495424639,20.340409418426454,24.527996810413274,15.437277588817658,14.105405809920624,22.102254459319347,1.3234491985491554,19.361016720197135,16.16851239575718,0.0021936389864738014,0.005852621618258938
51,11.823823936378343,13.174777634045146,20.185169463100106,22.390001027508966,20.325719905410086,3.1560135586630773,1.945075308559259,0.0,13.50563142156981,3.559154474246292,10.696478243138897,16.286040628459617,10.39047595882517,0.0,15.511890668521696,12.366660032332328,12.84392384652048,12.24182265891909,20.340409418426454,21.817994475311558,17.309758487477293,14.167880936816692,22.102254459319347,1.3234491985491554,18.562673844051695,16.382898069505092,0.0021936389864738014,0.005852621618258938
52,11.173756530891389,10.783838979792616,20.19822119053963,22.390001027508966,21.827310592410644,3.1560135586630773,1.945075308559259,0.0,7.306910664091304,2.883977721982425,5.223832829217212,19.333858985519246,10.964666359893478,0.0,16.001356494180143,9.043800903509446,10.220370933453932,16.277337173863486,18.34172879965334,22.198344105998206,16.477031105817414,15.549101133084294,22.102254459319347,1.3234491985491554,17.14196939706561,10.603011599691754,0.0021936389864738014,0.005852621618258938
53,10.663184927199497,10.765096985851592,20.218841590975817,22.390001027508966,21.827310592410644,3.1560135586630773,1.945075308559259,0.0,8.793408061940436,5.893382185688157,7.295000913457365,13.604683833690057,9.6045622431322,0.0,12.031329602365203,11.925631728570984,8.154388020004387,15.138856119698511,20.580346120762016,18.187520089406004,13.405672732789004,16.185007569255504,22.102254459319347,1.3234491985491554,8.626814615772721,14.8452122740634,0.0021936389864738014,0.005852621618258938
54,11.89636910028966,13.049234197268763,20.26191048838344,18.840844851376055,21.827310592410644,3.1560135586630773,1.945075308559259,0.0,12.180582188158354,8.858703558856188,12.991189883198723,10.91877086741388,14.245493033695695,0.0,13.107278511338803,13.993190579265246,11.28030212891925,11.467023916596915,23.01876224995364,18.503741992656124,14.351751991275382,18.897977668643364,22.102254459319347,1.3234491985491554,19.844375830789257,16.181547488904634,0.0021936389864738014,0.005852621618258938
55,12.262853668457812,14.223840717737646,20.19154328630376,20.09547664642642,21.827310592410644,3.1560135586630773,1.945075308559259,0.0,17.651280113469504,16.646911865823974,11.207056772840103,15.123200773888225,13.135164808690543,0.0,15.352305360419317,10.774958400803994,13.526884596968959,14.12270503522142,20.420946682732907,20.729880090092106,12.769381123656675,17.036350343781873,22.102254459319347,1.3234491985491554,14.324976400253872,15.363023700423295,0.0021936389864738014,0.005852621618258938
56,11.286190252302912,12.621881454851291,20.199437166031128,20.09547664642642,21.827310592410644,3.1560135586630773,1.945075308559259,0.0,16.010233869095185,12.616815033156131,6.312895795703621,9.990599959846652,12.62694787654645,0.0,13.363632098869543,9.344492183744899,12.890984585993497,8.017874044268739,18.708250529363717,22.510497686635592,12.187745061821502,16.62693889697734,22.102254459319347,1.3234491985491554,17.45073718191816,14.04822531340048,0.04070296031461118,0.04435655226064378
57,11.656092175379136,13.873447951990164,20.174236474861143,20.09547664642642,21.827310592410644,4.107808968119643,1.945075308559259,0.0,13.246476895748941,2.867741007654226,8.875147377902637,3.8811961376912687,2.2855433341247697,0.0,21.144423325262526,14.500419008231386,18.004285660982877,18.47205017862649,18.987096890814858,22.007220751901052,18.806621569450733,16.44421910936265,10.24031034715432,1.3234491985491554,20.667237905509605,23.11232959009072,0.0021936389864738014,0.040526641435789094
58,12.345821395953022,13.9108808411771,20.156152415662593,20.09547664642642,21.827310592410644,22.7361340027496,1.945075308559259,0.0,11.077626064695705,3.7185379549921738,8.272194265385615,8.835237983029801,5.5326647404309375,0.0,17.618945166598987,14.802979654324243,14.054910834904812,18.47205017862649,21.506604786868504,25.71372161073174,19.62609235866493,18.088224338582737,12.026598494300295,1.3234491985491554,13.766850847449389,19.786472590229856,0.0021936389864738014,0.005852621618258938
59,11.53009637964385,12.142536375519,20.067360791975407,20.09547664642642,21.827310592410644,2.961533163602838,1.945075308559259,0.0,9.679873731744115,3.2594188424397,6.524624666167304,12.258474256737706,9.22570705239793,0.0,20.676245312901084,11.886643831083585,14.010054244235778,15.834085741306284,18.749641355839472,23.47546285445913,18.248988918890813,19.549259456185094,12.026598494300295,1.3234491985491554,17.484011851624334,18.665163298299024,0.0021936389864738014,0.005852621618258938
60,11.482211667155836,12.095335147335227,20.26205165326641,20.09547664642642,21.827310592410644,3.1560135586630773,1.945075308559259,0.0,12.980683534867467,1.5964186956498536,10.898728229379639,10.8654962124854,6.87644048087992,0.0,21.512033394241275,19.77510397360333,12.164071800370158,11.449555762460596,18.00725617189382,16.373768897055534,15.698518561711992,17.51475886846427,12.026598494300295,1.3234491985491554,20.72773376735534,21.45291328285316,0.0021936389864738014,0.005852621618258938
61,10.976659145607524,11.74223370450117,20.213578437230204,20.09547664642642,20.928552223034497,3.1560135586630773,1.945075308559259,0.0,11.291693367645625,1.0525857659540074,8.744896646464746,17.474669312826183,17.110739055015177,0.0,20.2565094393337,6.461924729911269,13.958822493612448,11.457868914702049,20.79996845240427,11.261705595607415,16.229524741871188,16.783454525743476,12.026598494300295,1.3234491985491554,16.12673305693332,16.685251560403085,0.0021936389864738014,0.005852621618258938
62,11.70536951881944,14.128552588799966,20.130100320144457,20.09547664642642,22.366899658598957,3.4331642950924754,1.945075308559259,0.0,15.642985666889507,1.4386290592488422,11.113765367467549,17.474669312826183,9.092653370119674,0.0,20.282828554658,14.761461962002898,13.954430852659815,14.302674324940119,19.37382684282086,17.357006683048088,18.180580688639655,12.812710681176126,12.026598494300295,1.3234491985491554,20.72773376735534,16.49484017317705,0.0021936389864738014,0.005852621618258938
63,11.8500396017314,14.31809583255594,20.19825810888417,20.09547664642642,22.366899658598957,3.241664326303359,1.945075308559259,0.0,15.599336956515614,1.7584967532457418,9.819964289345476,13.957267562238787,17.110739055015177,0.0,21.452414171447014,14.678924102873092,17.899862843771096,18.858779816681597,21.332163950723025,17.357006683048088,16.81416139090193,12.516882434361053,12.026598494300295,1.3234491985491554,11.683816265567025,16.055745367055348,0.0021936389864738014,0.005852621618258938
64,11.961927955217833,14.326467346505307,20.200892329256508,20.09547664642642,22.366899658598957,3.1560135586630773,1.945075308559259,0.0,14.04436165004532,2.5146653237506564,9.725647152207682,17.474669312826183,17.110739055015177,0.0,21.46038922153414,19.69788959706823,15.990268957232377,14.08552142472368,18.28963133266396,17.357006683048088,17.558287318745695,18.186570027053683,12.026598494300295,1.3234491985491554,11.82461505650347,14.567413268286934,0.0021936389864738014,0.005852621618258938
65,11.066606284513087,12.490789127513327,20.19974924817133,20.09547664642642,22.366899658598957,3.1560135586630773,1.945075308559259,0.0,16.40283953625557,2.1149576709918243,12.304159868357257,17.474669312826183,9.034155759969085,0.0,18.47913550194627,10.368655774724344,6.803078901932215,14.059729532446228,18.412750946147934,17.357006683048088,20.702609264674642,15.217067543422713,12.026598494300295,1.3234491985491554,12.6774183866694,15.20222034005528,0.0021936389864738014,0.005852621618258938
66,10.930178032129591,12.577944338042268,20.22710059819989,20.09547664642642,22.366899658598957,3.1560135586630773,1.945075308559259,0.0,17.459293368456272,1.9587636646219022,11.140693097496069,17.474669312826183,9.106502727488788,0.0,13.725849229987707,6.422114423956987,11.994463334624662,13.789503453801736,21.56911850271336,13.12929018178424,19.150858300146524,16.513707354413604,12.026598494300295,1.3234491985491554,13.595890161989715,16.005251997159917,0.0021936389864738014,0.005852621618258938
67,10.808678917030623,11.047941220795686,20.249160637160617,20.09547664642642,22.366899658598957,3.1560135586630773,1.945075308559259,0.0,15.608140856339903,3.1474498410362943,7.911999443749892,12.656987035771165,9.079487161107313,0.0,19.366170682483347,8.534377392107677,8.140489838831645,10.069283947291074,21.56911850271336,18.503741992656124,19.15996152864838,17.699148444418043,12.026598494300295,1.3234491985491554,14.328672732308874,14.079902680470589,0.0021936389864738014,0.005852621618258938
68,10.957852425218176,12.682098108343537,20.169666524444,19.028158805430966,20.60174156344772,3.1560135586630773,1.945075308559259,0.0,12.34869925065654,1.954484417817621,7.628261430167757,9.126903361334843,17.110739055015177,0.0,20.166639057363003,13.439202535598238,13.015496966030533,15.982537233585605,18.720462259056138,18.503741992656124,16.743641664353877,14.231365715159056,12.026598494300295,1.3234491985491554,11.517471959591088,16.155766443287845,0.0021936389864738014,0.005852621618258938
69,11.716757329156621,13.92600240862134,20.18336704894751,22.390001027508966,22.06660396540754,1.9208698257866323,1.945075308559259,0.0,12.321706488378407,3.3127717167982262,8.818086559792116,14.972622818948766,17.110739055015177,0.0,21.24846497821847,11.636576771167952,12.879381998293916,15.640359658169285,20.35447540317471,18.503741992656124,17.409974462273578,15.88395905444286,12.026598494300295,1.3234491985491554,17.211749625696264,15.467068845382215,0.0021936389864738014,0.005852621618258938
70,11.568357079732708,12.370367907623638,20.17296045808692,18.80561769559008,22.06660396540754,23.900881929988003,1.945075308559259,0.0,7.016001264044021,2.560095270759124,3.172353164519824,9.177367045885092,17.110739055015177,0.0,19.132393377980492,16.398174505344034,12.420313121203973,20.67396908441459,17.80475025007873,12.320422694043303,17.52999110849997,17.704738405936435,12.026598494300295,1.3234491985491554,15.49797079113832,12.008771623101374,0.0021936389864738014,0.005852621618258938
71,10.538635366413091,12.377226357962396,20.08147681285577,19.966772987003843,22.06660396540754,2.040736184139237,1.945075308559259,0.0,14.568817160180803,1.5345184080282481,8.954136720505176,12.727854221624495,5.509324970659098,0.0,19.12076169427107,9.462627285393786,11.291663951988493,15.834085741306284,20.79996845240427,16.594963876919326,14.498069444404031,14.146319836799497,12.026598494300295,1.3234491985491554,15.780933526917003,13.721715023918957,0.0021936389864738014,0.005852621618258938
72,10.658884411956572,12.54821655786985,20.282451092966273,19.966772987003843,22.06660396540754,3.1560135586630773,1.945075308559259,0.0,12.62779949847093,0.9658970183377741,7.412678165090371,7.054318202576655,5.89055214118581,0.0,20.351726256656043,13.743284543660163,12.468633617268768,18.47205017862649,20.79996845240427,16.594963876919326,14.014717391203028,14.06145383363772,12.026598494300295,1.3234491985491554,16.40927560268975,15.488665066089624,0.0021936389864738014,0.005852621618258938
73,10.594369007380145,12.747482729667254,20.272610923093353,19.966772987003843,22.06660396540754,3.1560135586630773,1.945075308559259,0.0,12.749362765766946,1.3742952039796463,6.319948257846637,10.225182356396282,13.340207499460725,0.0,20.102185571111814,13.131032137967937,11.028487091184477,14.321889488111001,18.233652454334443,12.745602693567564,16.072438740469615,15.597916538406123,12.026598494300295,1.3234491985491554,15.28818667973373,14.158036017365646,0.0021936389864738014,0.005852621618258938
74,10.663059185994616,12.46870979750273,20.199956224896813,19.966772987003843,22.06660396540754,3.1560135586630773,1.945075308559259,0.0,12.499237604993764,1.76529032098192,7.317469391772893,16.754680731415025,13.421948569316555,0.0,20.18271041212456,12.438181990011696,9.322677651314974,14.059729532446228,17.999889308787928,12.239203451968773,14.799803434079852,14.193117052241108,12.026598494300295,1.3234491985491554,16.943211820212603,12.609871566207477,0.0021936389864738014,0.005852621618258938
75,11.854955956900072,14.033102493909034,20.18862256815527,19.966772987003843,22.06660396540754,3.1560135586630773,1.945075308559259,0.0,12.97911118854892,2.783876638649211,6.751688851200701,19.13468868472321,19.64241087776044,0.0,19.650810951953385,15.081229788619199,16.9074890779194,18.47205017862649,18.67608585994603,15.121460933998142,12.984975199198868,12.451638054655911,12.026598494300295,1.3234491985491554,19.696343977222647,17.213812275136156,0.0021936389864738014,0.005852621618258938
76,11.48828243024741,13.426719101923672,20.17461452711591,19.966772987003843,20.971554962265888,3.1560135586630773,1.945075308559259,0.0,13.037985109059335,1.4056629321441352,9.270139342799498,12.963359114827735,13.815453094788008,0.0,19.47905035922308,16.516419228243567,6.810704466238518,14.130814875266978,21.332163950723025,22.244516962890355,17.101686274399086,16.853567857651914,12.026598494300295,1.3234491985491554,17.65456359331628,16.507130727799016,0.0021936389864738014,0.005852621618258938
77,10.81048129824572,12.770959512903804,20.255178767512326,19.966772987003843,22.105360503203805,3.1560135586630773,1.945075308559259,0.0,12.910719745184677,1.029774472408692,8.853240266130555,12.631199280622932,13.560825115490534,0.0,20.094667472737772,14.042700686472406,11.392348711338084,14.064268876712298,19.21868266776249,15.303088014190543,17.784691337186565,14.711315930147217,12.026598494300295,1.3234491985491554,13.29559685562691,11.392899243980644,0.0021936389864738014,0.005852621618258938
78,10.77069654696422,13.194155579577266,20.2824549364832,19.966772987003843,22.105360503203805,3.1560135586630773,1.945075308559259,0.0,14.276737455145533,2.2894868017325973,7.570615070189946,7.196175208937272,6.214929073238207,0.0,18.984299347070323,15.607876372634598,15.720743842011158,14.302674324940119,20.79996845240427,12.468990057403092,13.919321101751443,16.120183021289165,12.026598494300295,1.3234491985491554,16.15423707613021,17.598101768824456,0.0021936389864738014,0.005852621618258938
79,11.413862652007687,12.820719459296896,20.24387784957725,19.966772987003843,22.105360503203805,3.1560135586630773,1.945075308559259,0.0,11.85534811844778,2.6633718198976952,6.603778814874428,13.36969323392745,11.118837043832102,0.0,20.292793609442565,14.679430377676786,15.856645977112832,18.47205017862649,18.592271939402732,12.271745684666344,15.459244454770115,17.718025464004004,12.026598494300295,1.3234491985491554,21.75075229106761,15.281245783989526,0.0021936389864738014,0.005852621618258938
80,11.724388083712538,14.48619703048851,20.193720145269896,19.966772987003843,22.105360503203805,3.1560135586630773,1.945075308559259,0.0,14.390741359562313,1.8734987148098583,6.2220100330376695,12.150228025624813,11.56993777981284,0.0,20.244048545294515,16.929486442608177,15.726315217893854,14.581652701414708,18.953708298476446,16.594963876919326,17.609644340311487,15.410904792226711,12.026598494300295,1.3234491985491554,21.50828501670501,20.3436285756742,0.0021936389864738014,0.005852621618258938
81,11.837087812871214,14.148510264600016,20.183464160492267,19.966772987003843,22.105360503203805,3.1560135586630773,1.945075308559259,0.0,16.93575304884052,2.039938848605071,11.982298879994053,13.24943992812356,11.195714963458311,0.0,21.096041601311747,14.735615014528019,14.012825749673791,14.284194779526242,20.79996845240427,16.594963876919326,16.688304399852935,14.429650339623967,12.026598494300295,1.3234491985491554,21.991108329428105,17.013684450985235,0.0021936389864738014,0.005852621618258938
82,11.643828527222949,15.53104774688047,20.18397165423317,19.966772987003843,22.105360503203805,2.0996360531872926,1.945075308559259,0.0,16.981995177643057,1.638419792318497,11.930578652534345,7.760352930453561,5.009342018404149,0.0,21.836273219769808,15.247159856481407,18.046114567535646,18.47205017862649,19.107981642754357,16.594963876919326,15.814935637279532,15.918638870974794,12.026598494300295,1.3234491985491554,21.652338950192732,17.06948587626742,0.0021936389864738014,0.005852621618258938
83,12.216255185829308,14.696155696196158,20.17720567020199,19.966772987003843,22.105360503203805,6.615509523597466,1.945075308559259,0.0,15.111600259740767,3.6720876760838763,10.299157913381043,18.742556833654604,20.668303983150118,0.0,20.363730386300354,18.07565342580228,17.740902578964516,14.280711132651549,18.601418046647936,11.29538708759701,14.165692958564055,15.279594230643811,12.026598494300295,1.3234491985491554,15.919935581345761,19.237884791013805,0.0021936389864738014,0.005852621618258938
84,12.185050252894332,15.80059876909019,20.195255536855313,19.966772987003843,22.105360503203805,3.1560135586630773,1.945075308559259,0.0,15.730971161376967,1.5272085378933458,9.774200919111102,14.994869300789677,18.173143656186312,0.0,19.872270155234524,14.709825356694907,15.870226376803412,18.858779816681597,18.777996387041,17.357006683048088,17.830307853883202,15.885504031160751,12.026598494300295,1.3234491985491554,18.31688432680362,18.405540164804602,0.0021936389864738014,0.005852621618258938
85,12.117791049869485,14.418384009106514,20.215480956868827,19.966772987003843,20.00479625204986,4.673192607657329,1.945075308559259,0.0,14.778478098370163,1.936158262854983,9.624790615302475,19.347072841159722,24.511943831894204,0.0,21.532778446255204,12.10600579116995,15.980595311553566,14.058289919842865,19.71262180402618,17.357006683048088,15.742608106342189,16.010531062551415,12.026598494300295,1.3234491985491554,19.64777993423325,12.55249452240911,0.0021936389864738014,0.005852621618258938
86,12.28338850304246,14.985326124268145,20.2018290388497,19.36281973452875,21.49781055793525,2.7816897278782706,1.945075308559259,0.0,16.887610636095527,2.105516694650816,13.440717725020924,20.127479425565614,23.73127695691182,0.0,19.95024301930526,9.51036130341318,17.775713883174124,18.47205017862649,21.332163950723025,17.357006683048088,14.576063646592196,15.394588601944095,12.026598494300295,1.3234491985491554,13.971634671792671,15.588355381034738,0.0021936389864738014,0.005852621618258938
87,11.989190742992015,14.702231403349494,20.206684517479648,23.730382470018178,21.49781055793525,3.1560135586630773,1.945075308559259,0.0,16.146057290075117,2.6261625688922514,11.814928175473112,17.921268587856048,18.759730492554745,0.0,18.43472491265571,14.765411662854463,18.25562416331171,14.86625209744938,21.332163950723025,11.548953936961935,14.639051143844522,16.70517596943754,12.026598494300295,1.3234491985491554,10.894066647599221,19.115327351993965,0.0021936389864738014,0.005852621618258938
88,11.496532804211807,13.41753043832987,20.234023826911823,23.730382470018178,21.49781055793525,3.1560135586630773,1.945075308559259,0.0,14.36944392676319,1.6325803412769595,9.762671117159053,7.705000036596398,12.620348378765321,0.0,20.155402384837046,11.78542104707081,15.853374383085328,14.214712497894418,19.223370071600833,16.594963876919326,16.169725409741414,18.178915234868477,12.026598494300295,1.3234491985491554,19.368533465490597,17.353991061896046,0.0021936389864738014,0.005852621618258938
89,12.3043173447935,15.43629516002941,20.271768117931163,23.730382470018178,21.49781055793525,3.1560135586630773,1.945075308559259,0.0,14.2884211256027,2.417686952472161,9.813849560943236,22.158591241619924,18.29893709857449,0.0,17.872478468700102,17.9835699775419,16.07099205152528,14.36337657089278,19.29449979749967,16.594963876919326,15.40641729753904,16.272917977768753,12.026598494300295,1.3234491985491554,19.65023197795077,15.46617302251978,0.0021936389864738014,0.005852621618258938
90,11.789964686273272,14.757863179900323,20.182678351173255,23.288885380490974,21.49781055793525,3.1560135586630773,1.945075308559259,0.0,15.119272447862576,1.7023139692503841,10.005030821355009,14.989990219020346,10.520425227198078,0.0,19.956993287158504,13.51214082323993,15.933754627233531,18.47205017862649,19.551295399238814,16.594963876919326,14.5257361407803,17.49657980435931,12.026598494300295,1.3234491985491554,19.270390916742453,15.459586993844063,0.0021936389864738014,0.005852621618258938
91,11.424668106350909,13.28265910010741,20.15543626477957,24.943821868509616,21.49781055793525,3.1560135586630773,1.945075308559259,0.0,14.952799608021982,1.9866501368048919,11.246809031030145,9.583238372127349,7.475671960177866,0.0,19.83987835049961,9.92513184171435,17.98599820643734,15.176162910376227,21.55292986176183,16.594963876919326,18.253594850985674,16.758482398131175,12.026598494300295,1.3234491985491554,16.114088142320412,14.538719705914524,0.0021936389864738014,0.005852621618258938
92,12.314777644737323,14.38182223029543,20.19012485857653,24.30646780955469,21.49781055793525,3.1560135586630773,1.945075308559259,0.0,18.674516933725528,1.6809180428242239,15.168830508851922,15.600281038743557,18.568742233897844,0.0,20.978239511268075,10.318216814339802,14.059874267107277,14.071049214787491,21.55292986176183,16.594963876919326,18.046087001416954,14.317341711493734,12.026598494300295,1.3234491985491554,21.652338950192732,14.446302749097125,0.0021936389864738014,0.005852621618258938
93,11.915563670582596,13.788901154349317,20.246395756913582,24.637732138294552,21.49781055793525,3.1560135586630773,1.945075308559259,0.0,19.58477319743794,1.9941514659222817,15.081671110842992,10.739324089561585,10.890493521114097,0.0,19.63696656861482,16.94255319388028,15.836356466284094,14.174264238831599,21.55292986176183,11.237371039515747,17.157946198765533,13.403538069867034,12.026598494300295,1.3234491985491554,20.1035842630215,16.627610875906274,0.0021936389864738014,0.005852621618258938
94,11.823173481057308,13.060784215421258,20.264735969783047,24.31980421397779,21.49781055793525,3.1560135586630773,1.945075308559259,0.0,20.892467313192114,1.8394057973281794,16.71562441730336,12.824990457244933,7.035981699221849,0.0,20.196701771938372,13.29657797359758,15.76949279359599,18.47205017862649,19.491715309753985,11.64411025137945,17.312533300811634,17.02946493417601,12.026598494300295,1.3234491985491554,18.16862166786067,12.171239079086817,0.0021936389864738014,0.005852621618258938
95,11.45236895831985,13.515423757555478,20.230701362835344,24.232489402782974,21.49781055793525,3.483313863879043,1.945075308559259,0.0,14.631420801158969,1.565712410467592,9.7103728869745,9.547529819649547,6.021735724712457,0.0,21.508565369171528,13.038126913312048,13.99272060179891,18.47205017862649,21.332163950723025,16.594963876919326,16.725291603594034,17.222022405741434,12.026598494300295,1.3234491985491554,17.153731276578092,15.497700647442112,0.0021936389864738014,0.005852621618258938
96,11.230111748520265,13.01601086501418,20.19162491656257,24.232489402782974,19.920683197291762,3.982307496733272,1.945075308559259,0.0,16.27805280230264,3.282918308595325,12.96210755909491,14.355623333354632,13.372119592113798,0.0,19.437028378611544,13.069914170933453,14.269751495236145,14.262797017719487,21.332163950723025,11.972197717946694,17.307521618305195,13.926766552291523,12.026598494300295,1.3234491985491554,12.702991521896772,9.82067716701781,0.0021936389864738014,0.005852621618258938
97,10.881753112481148,11.48963125103486,20.1804882047569,23.126028601867326,21.903348889734342,3.1560135586630773,1.945075308559259,0.0,18.292391668091415,4.250784656286412,11.687046085642432,11.524247431941342,5.527208176830413,0.0,18.776880981358243,9.286124778714871,8.102547842209363,11.455015070128377,18.658045173127046,17.357006683048088,14.839813750721937,18.455620420798184,12.026598494300295,1.3234491985491554,19.84477775582098,11.19902193275568,0.0021936389864738014,0.005852621618258938
98,11.862501472975099,14.088822031357507,20.243565896248384,23.962019483176086,21.903348889734342,3.1560135586630773,1.945075308559259,0.0,17.41170771798331,4.8234065253848275,11.274757010891262,16.942762906194954,7.843322248056424,0.0,18.730491622511718,13.179381877648192,15.77912142356034,14.105345871052144,18.08384469602441,17.357006683048088,14.322985456196953,17.982467444118505,12.026598494300295,1.3234491985491554,21.948021533183248,14.07229819166287,0.0021936389864738014,0.005852621618258938
99,11.74890863940207,12.915091260868959,20.203320011707095,23.962019483176086,21.903348889734342,3.1560135586630773,1.945075308559259,0.0,15.790745635892604,2.051237964585525,13.289689667057017,16.3891425498067,12.118930109322523,0.0,18.998678679296418,10.949966659325899,12.12708874977525,14.130814875266978,20.264737721351107,12.5404928546809,16.37237414386084,19.684451946469867,12.026598494300295,1.3234491985491554,21.092394945389604,15.143006917078516,0.0021936389864738014,0.005852621618258938
100,12.195267175559009,14.38792374374298,20.182263768303677,23.962019483176086,21.903348889734342,2.4156105562091077,1.945075308559259,0.0,16.781983412349625,2.057280836158837,11.350806517277592,13.90034280893822,15.017025843073888,0.0,19.844739185811225,13.24959965984322,13.85517357557254,18.47205017862649,24.426551473824656,16.594963876919326,16.677084808360174,14.87550467854774,12.026598494300295,1.3234491985491554,18.602666630826356,17.604761118967716,0.0021936389864738014,0.005852621618258938
101,11.254538531578987,12.205535676854321,20.17344552463243,21.65399345186521,21.903348889734342,4.107808968119643,1.945075308559259,0.0,16.437459628759907,3.5134607988240054,13.025168410539758,10.285329814803877,8.9801174537206,0.0,20.158197306163284,12.38447285940835,9.05471556204571,15.582367398721791,20.230401843302246,11.502804622735548,19.47212029690833,13.37760830964813,12.026598494300295,1.3234491985491554,18.215315201226826,17.2566962178803,0.0021936389864738014,0.005852621618258938
102,11.30279757459207,13.696229166602219,20.184287148596955,22.3569111391199,21.903348889734342,3.1560135586630773,1.945075308559259,0.0,15.850748954110284,1.6447435226320088,15.0423212497245,11.436488715422207,13.944900765107601,0.0,19.230211004371785,4.856650921392756,13.69506443995561,14.162328009416541,20.583803253397267,11.242049754325416,16.256047967024994,13.697393893248828,12.026598494300295,1.3234491985491554,21.61773594275933,17.708518548377008,0.0021936389864738014,0.005852621618258938
103,12.069023763100754,14.65874270663987,20.254011046011488,22.3569111391199,21.903348889734342,3.6054730774222223,1.945075308559259,0.0,15.639047878897554,1.7023103309225516,13.031215975385232,20.64427693498653,19.64241087776044,0.0,19.705626932088617,10.370682279912225,8.756986149736024,14.363321127079004,20.583803253397267,16.594963876919326,15.249352478844678,14.954164286200738,12.026598494300295,1.3234491985491554,21.852093129877577,17.281448914310428,0.0021936389864738014,0.005852621618258938
104,12.723690972161041,15.841581067597442,20.293146745971217,22.3569111391199,21.903348889734342,1.8177924658542493,1.945075308559259,0.0,18.60955566983019,4.034951022572822,13.330743411598108,20.86603210789297,19.64241087776044,0.0,20.558399943706927,15.466334598619927,12.009539113800418,16.71019469763951,20.583803253397267,16.594963876919326,14.842689793758748,17.05918385879564,12.026598494300295,1.3234491985491554,22.615967010626672,16.216827536574957,0.0021936389864738014,0.005852621618258938
105,11.831983352080679,13.806067164542704,20.27273897726893,22.3569111391199,20.37197735191971,3.1560135586630773,1.945075308559259,0.0,16.79264250300377,2.320968746951044,12.983042105288428,16.64794512373267,19.647860615689623,0.0,17.82921553022413,12.335939455571946,8.284943521423214,16.21176566937686,19.32492314709747,13.210155821334899,14.401978507750506,16.438883949889814,12.026598494300295,1.3234491985491554,21.814678770907626,17.925813396870648,0.0021936389864738014,0.005852621618258938
106,11.355405051667477,13.188001317860408,20.20766287483752,22.3569111391199,22.22138125358016,3.1560135586630773,1.945075308559259,0.0,17.43570880765797,1.7803167874759631,11.92505248821202,16.72564003880153,13.404104033758237,0.0,20.079068017871275,8.82828429636026,6.431927464901126,14.23488526033641,18.596363631016164,12.971898601962577,15.075458627494157,14.702025344604783,12.026598494300295,1.3234491985491554,21.878846457817232,17.925813396870648,0.0021936389864738014,0.005852621618258938
107,11.429342636194047,12.602002310858214,20.193001663093998,22.3569111391199,22.22138125358016,3.1560135586630773,1.945075308559259,0.0,13.085074512393904,2.31304303749253,8.290182057716102,17.034222776234767,12.118930109322523,0.0,19.832517116992815,10.89308444526836,10.139025471209417,15.949939104100036,17.661471821522408,15.925380581201164,16.501203485759895,14.395712677733632,12.026598494300295,1.3234491985491554,21.866831070756483,17.925813396870648,0.0021936389864738014,0.005852621618258938
108,11.653527229057955,12.61397835477381,20.186547187226825,22.3569111391199,22.22138125358016,3.1560135586630773,1.945075308559259,0.0,15.32770209563756,1.3630266874766641,8.637229484882688,12.067413350220814,5.737534318192469,0.0,22.85346298999217,13.160543359326804,9.155413030582533,16.164582973540995,20.35447540317471,20.618891642664256,16.856642089376024,17.19387510653573,12.026598494300295,1.3234491985491554,22.351079626429424,17.925813396870648,0.0021936389864738014,0.005852621618258938
109,12.045410430856451,13.83893914330262,20.21840439521191,22.3569111391199,22.22138125358016,3.1560135586630773,1.945075308559259,0.0,13.405204108389437,1.6165406693737865,7.670273024911104,14.925230140001927,11.860114476896669,0.0,22.089249639514374,15.670380130107915,11.302122670042753,18.858779816681597,20.35447540317471,22.198344105998206,14.272674178215802,14.975659127215343,12.026598494300295,1.3234491985491554,22.799930706284947,17.925813396870648,0.0021936389864738014,0.005852621618258938
110,12.33134930802128,15.459610760103578,20.227316875401574,22.326643075890864,22.22138125358016,2.143344469954152,1.945075308559259,0.0,11.845171094567824,2.133320793097288,7.439930434936445,21.193769580276737,19.41370548829497,0.0,21.302020095467473,14.985952351162542,11.400060787602705,18.858779816681597,17.96762254834049,16.92684410489554,15.933269169044614,17.224240733262928,12.026598494300295,1.3234491985491554,23.842726677211328,17.925813396870648,0.0021936389864738014,0.005852621618258938
111,12.553381015462776,13.93193139783105,20.235849896861428,23.86247012160937,22.22138125358016,23.900881929988003,1.945075308559259,0.0,13.446882726513763,1.1196571888187996,7.141174175020848,18.60814707544241,13.700890539446746,0.0,20.227654716633445,11.088247284816932,14.808212027590304,18.858779816681597,18.653947286522634,12.932963647457214,14.162972256215355,15.821608622727483,12.026598494300295,1.3234491985491554,22.36720317722161,17.925813396870648,0.0021936389864738014,0.005852621618258938
112,11.407066606286794,11.709192741410277,20.278587666356312,23.86247012160937,22.22138125358016,1.9734429128741704,1.945075308559259,0.0,9.528890462383428,5.511960869316511,5.405828724518889,17.64312526807105,18.759730492554745,0.0,17.926631419988116,11.39178698852026,9.090648295431997,10.265012930159461,18.39684382218897,16.06475406529988,16.60896819015597,16.493777173606556,12.026598494300295,1.3234491985491554,21.930908447956682,17.925813396870648,0.0021936389864738014,0.005852621618258938
113,11.990846305446588,14.175294754554095,20.282463561705107,21.88208075131228,20.984941666753855,3.1560135586630773,1.945075308559259,0.0,15.005181819870971,2.392867475684123,7.424901097691407,14.831846721385597,13.55791921167355,0.0,22.707087063602142,10.784188555939473,14.42247769213563,18.92689933490854,18.298750768037753,21.793786519534134,13.92811181697256,16.314236300227527,12.026598494300295,1.3234491985491554,21.83926736662953,17.925813396870648,0.0021936389864738014,0.005852621618258938
114,11.878725726964639,13.418380362139384,20.245636542406626,21.26706854693917,22.708828131628355,3.1560135586630773,1.945075308559259,0.0,14.605747325834798,4.982904395945134,8.980876045121363,12.23101339844397,5.648313071256181,0.0,20.588469550158013,16.671813394756338,7.930804620382541,15.296811214498364,20.77062321641884,24.873802867299073,16.630315897868147,15.814969087906993,12.026598494300295,1.3234491985491554,23.21387537666952,17.925813396870648,0.0021936389864738014,0.005852621618258938
115,11.640591559240985,14.26693029359301,20.221525370413694,21.26706854693917,22.708828131628355,3.1560135586630773,1.945075308559259,0.0,14.646866768615416,1.7633240486667712,9.02567599019095,17.107899883421442,11.108465577222221,0.0,16.85479419742401,13.955681341320068,12.072093401613342,14.57817924586595,17.951645555201917,16.440378971554505,17.691055211131605,17.127667443158785,12.026598494300295,1.3234491985491554,21.74923463835024,17.925813396870648,0.0021936389864738014,0.005852621618258938
116,11.671119800428453,12.134941052488259,20.212729580606652,21.26706854693917,22.708828131628355,3.1560135586630773,1.945075308559259,0.0,10.345462772883426,1.256099309126889,6.990544405284881,11.524529936749044,19.231324098519,0.0,19.934404037894527,12.243283610676222,10.844689744790966,18.858779816681597,18.37229194398189,16.594963876919326,15.727439417155182,18.902790298324465,12.026598494300295,1.3234491985491554,22.048889065431045,17.925813396870648,0.0021936389864738014,0.005852621618258938
117,11.161537868441487,12.87075618714399,20.192605385785008,21.26706854693917,22.708828131628355,3.1560135586630773,1.945075308559259,0.0,14.621008683525336,1.261410778186046,6.140522772578809,9.033885672031069,10.629273147571709,0.0,13.714913879987686,16.345148388728244,15.955109328694592,11.480926757482692,20.390877767672134,16.048728713058484,16.30606992351614,16.462157139824196,12.026598494300295,1.3234491985491554,21.25645334472181,17.925813396870648,0.0021936389864738014,0.005852621618258938
118,12.49235987862235,14.620928553327147,20.195922851296938,21.26706854693917,22.708828131628355,4.305123799088431,1.945075308559259,0.0,14.20429446864197,1.8396112695998816,9.721768922922067,17.059835330041345,10.146475545929576,0.0,13.505006925592156,21.602614714320918,16.066943221940186,21.223065130453982,22.719967872295925,19.715388135348373,19.014269502030878,15.037562638012323,12.026598494300295,1.3234491985491554,21.238627179214543,17.925813396870648,0.0021936389864738014,0.005852621618258938
119,12.346141253464095,13.759610547117916,20.189563862259423,21.26706854693917,20.85544175187582,3.483313863879043,1.945075308559259,0.0,12.454900632477932,3.782933813842129,7.703949047863322,11.783134779099251,9.19510644627417,0.0,18.381684641102535,23.307826817274822,20.104474808761324,21.223065130453982,24.426551473824656,17.357006683048088,15.064320461757902,15.949035951551238,12.026598494300295,1.3234491985491554,21.24131121889762,17.925813396870648,0.0021936389864738014,0.005852621618258938
120,11.975907500880973,13.594534631878439,20.21751466811219,21.26706854693917,22.073843547935372,3.1560135586630773,1.945075308559259,0.0,14.081572241994275,3.708598009047608,10.028594547523955,13.175310616084534,5.482364533289204,0.0,21.848822017530548,23.893840638227513,15.148354866112122,14.007992344040575,22.399931211653676,13.1810769197163,16.958463974541658,15.811722788729002,12.026598494300295,1.3234491985491554,21.703527333880462,17.925813396870648,0.0021936389864738014,0.005852621618258938
121,11.865040703220409,13.110441615063054,20.27085117578398,21.26706854693917,22.073843547935372,3.1560135586630773,1.945075308559259,0.0,12.488481314178255,4.802035722194043,8.523321582346536,13.995260792685453,4.994970187716263,0.0,19.840689485831863,22.491626023501553,15.616223713059735,13.732401915947854,20.474224489372137,12.278389964742507,17.084697720576134,19.955074273215875,12.026598494300295,1.3234491985491554,22.216901610156757,17.925813396870648,0.0021936389864738014,0.005852621618258938
122,12.049338540034118,12.894676137036265,20.214908684871244,21.26706854693917,22.073843547935372,3.1560135586630773,1.945075308559259,0.0,13.762753779772236,4.511391689798188,10.163516600767927,11.48733009214503,8.963798391605376,0.0,18.746176061706475,23.40765057024906,19.373965672694283,11.421053465497693,18.825040916660104,15.082235223832228,16.69796099202264,18.68220997668617,12.026598494300295,1.3234491985491554,22.216901610156757,17.925813396870648,0.0021936389864738014,0.005852621618258938
123,11.80683236395217,13.71887149358019,20.191400493275935,21.26706854693917,22.073843547935372,3.1560135586630773,1.945075308559259,0.0,12.493842080592298,4.91034632988425,7.2066434925077445,14.189616479318182,5.687102956398322,0.0,13.849812956980529,20.70417580963431,17.834402552811103,13.587930030179852,20.340409418426454,22.198344105998206,16.718907750472045,15.710588387432196,12.026598494300295,1.3234491985491554,21.628210306423263,17.925813396870648,0.0021936389864738014,0.005852621618258938
124,11.593196926658456,13.512609061391144,20.229354274966084,21.26706854693917,22.073843547935372,3.1560135586630773,1.945075308559259,0.0,9.66935996516282,4.258297517423622,6.773577342503987,7.533374202446104,6.0385540210924,0.0,16.408183445497393,20.664683221342607,19.64171606358206,14.998619628481993,18.909136100021765,16.955742366537276,20.442551035987826,17.491352398774268,12.026598494300295,1.3234491985491554,21.682710196877917,17.925813396870648,0.0021936389864738014,0.005852621618258938
125,11.678812260612403,13.285587940732437,20.222084444180577,21.26706854693917,22.073843547935372,3.1560135586630773,1.945075308559259,0.0,12.14249217685644,3.529706452219084,10.084543081659556,9.969206048993156,5.52120742320322,0.0,14.428683704608437,22.300042649312246,16.930565474121735,16.306339339873468,17.559252962166404,16.915230796293155,17.958280635741396,18.421625143192298,12.026598494300295,1.3234491985491554,21.633950131079647,17.925813396870648,0.0021936389864738014,0.005852621618258938
126,12.859985300010457,14.878829073203374,20.143059183978128,21.26706854693917,22.073843547935372,3.1560135586630773,1.945075308559259,0.0,12.065099519793211,6.110130554440106,11.242349251290603,14.598893405079261,11.125987034558584,0.0,15.158764741327488,22.296055441242686,18.520805412491374,20.701723591432202,19.426469501804426,21.96445397472724,18.941505280432406,21.093973835222616,12.026598494300295,1.3234491985491554,21.244438760029865,17.925813396870648,0.0021936389864738014,0.005852621618258938
127,12.706511172317988,13.50976691862358,20.211101549498714,21.26706854693917,22.073843547935372,3.1560135586630773,1.945075308559259,0.0,13.760735247127897,3.6423173167476937,8.85504775737652,11.814122394333584,7.081154375710076,0.0,18.362408174152183,23.60364612892775,13.258798590119262,25.168316090274967,19.426469501804426,21.96445397472724,22.159457963736592,19.936980464248375,12.026598494300295,1.3234491985491554,21.398372639060742,17.925813396870648,0.0021936389864738014,0.005852621618258938
128,11.506851908849615,14.1662967497817,20.170060095078302,23.925635974549948,21.738984453650186,3.1560135586630773,1.945075308559259,0.0,8.395650124854956,3.6461992409667023,6.104942949537202,3.5862074718441015,1.4402184096856767,0.0,18.488368600985947,18.00119981499429,20.74146150831551,21.736261324563504,19.426469501804426,21.96445397472724,16.305995005263107,19.506738755936652,12.026598494300295,1.3234491985491554,19.069056746946213,16.419666640583902,0.0021936389864738014,0.05724883674386743
129,10.783792330829218,12.722797597066707,20.228632143269355,23.925635974549948,21.738984453650186,3.1560135586630773,1.945075308559259,0.0,6.99972166733004,3.692043274660007,2.099439103614772,16.3997482897959,7.187032978027305,0.0,13.41899669983312,13.559132234342966,8.423181867945624,18.92689933490854,16.934433800726044,20.05019933302165,16.405326164509102,19.205830573317442,12.026598494300295,1.3234491985491554,15.334503931069747,17.38967595631142,0.0021936389864738014,0.005852621618258938
130,11.364777868802848,12.037138692476244,20.19633809963813,23.925635974549948,21.738984453650186,3.1560135586630773,1.945075308559259,0.0,10.79639862907145,2.3496221723221695,11.21144507205188,12.177184206301092,14.791148360303499,0.0,12.047678890652195,7.985140376993899,7.392419103802894,16.004565194066963,20.583803253397267,22.244516962890355,20.441449031538653,16.424673597587166,12.026598494300295,1.3234491985491554,19.51153958823529,17.20249880114449,0.0021936389864738014,0.005852621618258938
131,11.333612365945994,12.089305886167427,20.199550134686564,20.80699666864917,21.738984453650186,3.1560135586630773,1.945075308559259,0.0,12.653633929437069,5.776526870613889,10.031804631058177,12.15201327803456,9.449557458813779,0.0,18.240836464743,9.870546614517801,8.951392576472951,16.018090855517386,18.16121227421493,17.31677545358809,19.61281098103909,19.853751865165105,12.026598494300295,1.3234491985491554,17.5081181568961,17.872136026821515,0.0021936389864738014,0.005852621618258938
132,11.505396143242605,11.950952943989567,20.27246696565307,20.929711377572175,21.738984453650186,3.1560135586630773,1.945075308559259,0.0,12.998812558376184,17.63785076220698,8.63637511827836,9.380740544246832,6.044660347922816,0.0,18.455904388956075,9.41749013239256,10.375327688017897,17.43854954142251,20.35447540317471,17.357006683048088,20.973101290318073,21.52965702988832,12.026598494300295,1.3234491985491554,11.87530739367884,15.264695224827594,0.0021936389864738014,0.005852621618258938
133,10.927965054364261,11.988304619160147,20.256800261616995,20.929711377572175,21.738984453650186,3.1560135586630773,1.945075308559259,0.0,11.318838646167292,2.038943936587001,9.047397537076272,13.99116637191378,11.1139199166637,0.0,18.184871529359445,11.95001074402,14.363853152789652,13.72178720353316,20.35447540317471,11.502660791909111,15.404226275943188,18.559642478099708,12.026598494300295,1.3234491985491554,15.094856598718158,16.09576191399978,0.0021936389864738014,0.005852621618258938
134,10.363864973118107,11.854281996198813,20.194730224097647,15.25134415229932,21.738984453650186,3.1560135586630773,1.945075308559259,0.0,15.319125364212244,2.703993344717314,8.624933170753394,13.059579079446978,11.168498487354299,0.0,13.749022130261396,12.19587787232087,11.68196549809733,12.44012673244737,17.776214434470237,11.240000075969549,18.939936804922656,20.36804790202474,12.026598494300295,1.3234491985491554,13.860244386112221,10.688682367236526,0.0021936389864738014,0.005852621618258938
135,10.579092126249341,11.823687941095063,20.204621847629785,17.236856880959635,21.738984453650186,3.1560135586630773,1.945075308559259,0.0,13.094917653136502,9.77356990921331,7.785275778044289,14.800049945806451,11.62077738788983,0.0,15.613116816367212,6.741569443241886,10.839496869375015,12.39461933266343,18.02290164918663,13.095463175346406,18.418574036620935,22.263105864491614,12.026598494300295,1.3234491985491554,10.441028379388367,12.51228303879485,0.0021936389864738014,0.005852621618258938
136,10.49653285689995,11.645737632184854,20.234743854153326,17.236856880959635,21.738984453650186,3.1560135586630773,1.945075308559259,0.0,16.19188602334054,12.308562273721392,8.88899142196251,9.449776202424637,6.614514683140678,0.0,12.383610793073958,11.264876770069414,12.202581719935118,8.076460937165008,20.35447540317471,18.503741992656124,17.50784960914274,17.201470008308515,12.026598494300295,1.3234491985491554,13.8706879316054,10.420600500238304,0.0021936389864738014,0.005852621618258938
137,10.698197304645438,12.060333135162875,20.17659887459913,17.236856880959635,20.48650675108627,3.1560135586630773,1.945075308559259,0.0,10.44030815498573,18.295498745326796,6.442646882506281,12.630295091033984,13.472758485236454,0.0,19.007184607369158,8.577789556444403,10.282781232930084,16.57082354238732,18.16121227421493,13.418622913351589,11.687851573170104,12.094067776025453,12.026598494300295,1.3234491985491554,14.1206947651837,16.59144899329385,0.0021936389864738014,0.005852621618258938
138,10.89125598808491,12.073269828763769,20.245050268949566,17.236856880959635,21.903348889734342,3.1560135586630773,1.945075308559259,0.0,12.02709806113328,13.355077227592048,11.08248857848012,6.962327249312923,6.674204807173771,0.0,17.498562020256916,15.849097574135419,13.622172064919194,12.119441596394257,17.996888011771066,11.252013654145998,19.684944893269105,16.946008665061466,12.026598494300295,1.3234491985491554,13.697429950692609,16.56046247554948,0.0021936389864738014,0.005852621618258938
139,11.091082639905567,11.990280652818136,20.211894741340828,15.11865780246025,21.903348889734342,3.1560135586630773,1.945075308559259,0.0,13.309030426850889,13.264234771414849,8.862448802135258,7.772926735524934,5.646554827514597,0.0,12.488115003956793,9.037256412414512,11.953962811335977,10.52420001758766,20.721431288111773,16.878326306246997,22.42567736181873,21.147626145174122,12.026598494300295,1.3234491985491554,19.51153958823529,19.054720633039857,0.04070296031461118,0.04435655226064378
140,11.713832067993385,12.23536762125616,20.215957662902248,20.929711377572175,21.903348889734342,3.1560135586630773,1.945075308559259,0.0,9.611907710277633,2.864043575246108,6.228761040642282,7.74267857156534,1.8174379913860477,0.0,17.023470057124257,16.114536211236295,23.052248952699834,23.642396726230473,25.11908651759978,25.550791211513236,16.194233264574365,14.858827532234686,6.656677907820045,1.3234491985491554,19.51153958823529,19.054720633039857,0.0021936389864738014,0.040526641435789094
141,10.44964444347244,10.227191723007186,20.212026281895152,20.929711377572175,21.903348889734342,3.1560135586630773,1.945075308559259,0.0,11.391045916719545,3.5284943408327467,3.792945518205543,9.063337529294827,5.9514064111526,0.0,14.036357631461785,16.100581071282683,6.794882410920036,9.045268951183946,21.333137732949247,24.34513130312645,15.406609275215143,15.002288447960103,17.264025832388256,1.3234491985491554,12.478591737947706,16.678980544064974,0.0021936389864738014,0.005852621618258938
142,11.710777450935492,14.296916696356956,20.27179719322067,20.929711377572175,21.903348889734342,3.1560135586630773,1.945075308559259,0.0,14.125462953580719,3.7543731499788398,9.833016688078322,19.608699209466675,17.110739055015177,0.0,18.659708620321478,11.541191478111866,10.886913555609379,14.468370439133192,18.773603395530856,18.760450589387652,14.909257263541011,16.816301675873678,17.264025832388256,1.3234491985491554,11.879613163631927,16.551044867770344,0.0021936389864738014,0.005852621618258938
143,11.348901358131828,13.894719327139418,20.21949142680332,15.716871236272082,21.903348889734342,5.525346947284934,1.945075308559259,0.0,16.372092548300415,4.150229933082718,10.512508228902435,14.726255496993339,14.826136890346696,0.0,20.302295452602944,13.063183157285497,7.838825438939328,7.786798967357273,17.957906420483656,18.503741992656124,18.46459602790454,17.32851899720279,17.264025832388256,1.3234491985491554,17.241899280779766,12.09079137839393,0.0021936389864738014,0.005852621618258938
144,11.086942997135434,13.377870061346943,20.18043537285618,17.236856880959635,21.903348889734342,2.7076096000109198,1.945075308559259,0.0,12.996824482266351,4.5663110116003764,8.449213751887696,9.413686583342885,19.324793708812734,0.0,19.0503906907503,4.865634711778396,9.611027712521505,15.991291985867711,20.35447540317471,18.503741992656124,15.93756551373217,13.813076760000486,17.264025832388256,1.3234491985491554,13.758915640427533,19.054720633039857,0.0021936389864738014,0.005852621618258938
145,10.67711757374138,11.354109802448303,20.19629990010835,17.236856880959635,21.903348889734342,3.1560135586630773,1.945075308559259,0.0,9.909324187638616,2.4929199614174653,4.876078475535911,9.560795595243547,19.34737745585404,0.0,20.039971268555146,5.121252153852337,10.661041737375664,18.92689933490854,20.35447540317471,18.503741992656124,14.377800917511081,15.638791167827263,17.264025832388256,1.3234491985491554,12.714293568637665,12.047177867520944,0.0021936389864738014,0.005852621618258938
146,10.989487379301671,12.93272483417353,20.235802126017845,17.236856880959635,21.903348889734342,3.1560135586630773,1.945075308559259,0.0,13.927073468963606,4.993016169423122,9.843623529390852,16.875600144741554,7.849987689793833,0.0,11.938376199383454,5.391432193221046,11.60962161091902,16.504283014981958,17.931516819960297,18.503741992656124,15.648790055691453,15.85162683326365,17.264025832388256,1.3234491985491554,16.730643450937308,19.054720633039857,0.0021936389864738014,0.005852621618258938
147,10.700117347214443,12.325144613463316,20.192691060139197,17.236856880959635,20.57745398362845,3.1560135586630773,1.945075308559259,0.0,12.498812481282918,5.711714088574032,7.42196285268091,12.151476745643711,10.496064913881064,0.0,13.270518519417916,17.144958297059603,10.227595035479041,5.079335020130436,20.77062321641884,18.503741992656124,16.107056912804644,16.196088814294264,17.264025832388256,1.3234491985491554,13.676889151734207,17.242600902026062,0.0021936389864738014,0.005852621618258938
148,11.422129318587796,14.295348535209087,20.17267766932644,17.236856880959635,22.025811328914124,3.1560135586630773,1.945075308559259,0.0,13.734611368040468,3.5431851168439414,11.203804220241745,14.856085702377706,11.135263291810361,0.0,19.086513613607185,9.372886137377105,11.253190940955797,16.00108447938897,18.27694893226913,18.503741992656124,15.182846735580842,18.458711427481283,17.264025832388256,1.3234491985491554,16.730643450937308,16.503888835750104,0.0021936389864738014,0.005852621618258938
149,10.583266467989692,11.047403396218161,20.20524005812111,17.236856880959635,22.025811328914124,3.1560135586630773,1.945075308559259,0.0,12.876435979983594,3.191272894823188,9.530993228308462,14.29495145014645,8.957272134048129,0.0,13.526206721008876,10.051902438763015,8.589684203630817,9.23369309136747,20.35447540317471,18.503741992656124,16.50299811810426,18.64596072973439,17.264025832388256,1.3234491985491554,15.697917001549914,12.042904353673308,0.0021936389864738014,0.005852621618258938
150,10.814176489204852,12.221485063787952,20.252055057214374,17.236856880959635,22.025811328914124,1.241127647357239,1.945075308559259,0.0,12.449315792909752,4.731786342546412,11.0587943592203,12.264370856873473,5.844443461530775,0.0,13.187056397076672,12.178599270702433,11.141061143454934,10.213492110548042,18.09972224839417,18.503741992656124,14.895143550497078,19.519249594392107,17.264025832388256,1.3234491985491554,16.730643450937308,19.054720633039857,0.0021936389864738014,0.005852621618258938
151,10.826826266221193,12.071821697600804,20.21096254507987,15.216623385758723,22.025811328914124,22.7361340027496,1.945075308559259,0.0,11.10963144610932,3.782979328232408,7.573323741581582,13.760691967995168,7.2637802717470255,0.0,15.06752070425929,8.560608527440117,11.899726782751516,9.000026742362646,18.77225252505853,12.243916612450091,13.314400597757526,15.876973644525565,17.264025832388256,1.3234491985491554,15.113249319710249,17.428272847166298,0.0021936389864738014,0.005852621618258938
152,10.34393823654535,12.979911206682125,20.185172408019675,20.929711377572175,22.025811328914124,1.2687435287660402,1.945075308559259,0.0,15.572556247885924,2.817409308414727,10.168030061912015,14.224701423819136,2.1331370236023726,0.0,14.54493047942095,6.922888664396085,10.433451181963415,15.63777371934048,18.980974132174914,15.086223377549246,13.027546357259158,12.932276056105094,17.264025832388256,1.3234491985491554,15.697917001549914,15.812543871412274,0.0021936389864738014,0.005852621618258938
153,11.445871836820135,13.29432593728697,20.192338052115666,20.929711377572175,22.025811328914124,3.1560135586630773,1.945075308559259,0.0,15.275445258713399,2.436939306717385,10.052855427989297,15.297383239419453,13.423627431923556,0.0,13.165024442650386,7.668773786498143,13.027806748020375,12.934554837512723,20.77062321641884,22.198344105998206,14.016078260269378,14.69537669384876,17.264025832388256,1.3234491985491554,16.730643450937308,19.054720633039857,0.0021936389864738014,0.005852621618258938
154,11.321266237773319,12.438272343622188,20.252932798740623,20.929711377572175,22.025811328914124,2.1903440796591362,1.945075308559259,0.0,12.676574364908287,3.8866650536146823,6.4541376305198845,18.93785385082941,10.504007371677151,0.0,17.517244604809196,16.97050822436427,12.199970322336089,11.427421045867082,19.645624275352922,22.198344105998206,14.4901759906319,14.979870022332646,17.264025832388256,1.3234491985491554,9.921707995236108,16.603421138640982,0.0021936389864738014,0.005852621618258938
155,11.560012270790354,12.964955481742615,20.21714263701374,20.929711377572175,20.442837996668516,23.900881929988003,1.945075308559259,0.0,13.679726024354938,5.746030073677609,9.083696666785464,17.08113951602724,10.611717822563453,0.0,16.30099597434351,6.580546181981477,9.749674148683416,14.462588782645685,18.79263801751656,16.900108107105616,16.779533406206266,15.134003715702496,17.264025832388256,1.3234491985491554,11.376565122481384,12.250184939130293,0.0021936389864738014,0.005852621618258938
156,10.493091173661679,12.380858711253396,20.198745950988144,15.498664685929691,21.775027089720812,1.9734429128741704,1.945075308559259,0.0,12.133212914910825,2.9828186547123354,9.19077899221394,13.052782731947952,5.986737589764404,0.0,13.245331717015075,11.34769511306874,13.91804747568273,18.92689933490854,20.79996845240427,18.051062725230675,16.237954754293046,15.039428677003562,17.264025832388256,1.3234491985491554,12.628504507595965,9.292669634837395,0.0021936389864738014,0.005852621618258938
157,10.792362261971304,12.760942613188808,20.18744811937794,17.236856880959635,21.775027089720812,3.1560135586630773,1.945075308559259,0.0,8.857555200945423,2.687240472284065,9.329125841338954,15.001644861817613,5.04311818293762,0.0,13.896390038260233,9.415678215806613,12.615039354484335,18.060545036209536,18.220769888217756,19.412396068051518,12.906845871893282,16.00904978374866,17.264025832388256,1.3234491985491554,20.804210654138725,15.445867092296723,0.0021936389864738014,0.005852621618258938
158,10.438871538769003,10.629951090518013,20.186123382012994,17.236856880959635,21.775027089720812,3.1560135586630773,1.945075308559259,0.0,7.390205813154677,0.9510784543590592,7.3228434499113835,17.474669312826183,9.734771576027338,0.0,12.074628321798835,6.3439343179701275,7.529125432108671,11.525130605008687,20.35447540317471,18.503741992656124,13.082949876628177,16.37469647333006,17.264025832388256,1.3234491985491554,20.824736440964276,19.02905502661789,0.0021936389864738014,0.005852621618258938
159,11.065770164801567,13.404903278585842,20.192568417452883,15.83644850820191,21.775027089720812,3.1560135586630773,1.945075308559259,0.0,13.829028433337177,4.423268440484638,7.193876692144682,13.494005107314592,10.882800546197458,0.0,19.052306897619577,20.795198192430107,15.071716251207677,12.104721850902303,18.04101444385908,12.544721821892951,15.424000106647942,13.315801449857092,17.264025832388256,1.3234491985491554,15.87161081947551,14.165299057329921,0.0021936389864738014,0.005852621618258938
160,10.437721677879653,11.08208109532654,20.253343851235414,15.196056785966405,21.775027089720812,3.1560135586630773,1.945075308559259,0.0,14.725283065373414,2.8060277296976373,7.374711864327093,9.093415431090344,6.9480276264596235,0.0,16.67940498024861,9.372947591550965,12.071256550017617,10.092905640635461,18.00268114643025,16.594963876919326,16.33846025839128,16.91036581560999,17.264025832388256,1.3234491985491554,21.02154700010134,12.427727162330932,0.0021936389864738014,0.005852621618258938
161,11.194248895822739,13.332278206079469,20.216259630297433,17.236856880959635,21.775027089720812,4.205054824692915,1.945075308559259,0.0,13.204031606704463,5.403696376408034,8.020557161649837,14.13080277991375,7.160842150285633,0.0,16.749742573756134,11.276547789005054,13.460524805454472,15.977162264778185,20.77062321641884,16.594963876919326,14.895466497969014,16.106426541855992,17.264025832388256,1.3234491985491554,20.15563576102014,13.16965286348018,0.0021936389864738014,0.005852621618258938
162,11.11225777207319,12.471610344622373,20.194156290242095,17.236856880959635,21.775027089720812,1.8818592160011582,1.945075308559259,0.0,10.267533390894537,3.9855384551036175,7.093846600833345,19.270143768194625,10.39047595882517,0.0,16.408883632011058,6.644202921110708,8.342567525194344,15.30513792644789,20.77062321641884,16.594963876919326,14.552744730419576,16.630699677718255,17.264025832388256,1.3234491985491554,22.377145105943043,18.655699210843576,0.0021936389864738014,0.005852621618258938
163,11.738073300818806,15.00040069972379,20.198249483662266,17.236856880959635,21.775027089720812,1.5402163242301836,1.945075308559259,0.0,14.534578994369378,5.191178727773547,10.954623049343637,17.564728427817315,9.619812294133965,0.0,17.87735888539623,6.559281947807763,11.144463111589776,18.92689933490854,20.35447540317471,18.503741992656124,15.466222405078202,16.705019510803968,17.264025832388256,1.3234491985491554,21.535452557262698,18.961122800498817,0.0021936389864738014,0.005852621618258938
164,12.386010761978172,14.099035625533297,20.200883704034606,17.236856880959635,21.775027089720812,22.7361340027496,1.945075308559259,0.0,17.322007099647507,7.07157488634616,10.207332916676835,16.208108070388896,9.094381045003587,0.0,11.69282756523006,11.711708074871204,14.948587573384659,18.92689933490854,17.95914785517351,12.316827581870765,13.249483677681933,16.636233362056263,17.264025832388256,1.3234491985491554,22.581880908498075,19.61978158212839,0.0021936389864738014,0.005852621618258938
165,11.935843490147287,15.087756046553412,20.20335927728944,15.14031020348202,20.201230812022104,22.7361340027496,1.945075308559259,0.0,11.656129900071512,3.4313974099055904,4.869480571179773,16.65860235712097,10.54045066418552,0.0,20.00066721920823,9.841214023320957,15.035201889624807,16.504283014981958,18.757256849120616,11.23853697772557,15.386999423574611,15.783844252733621,17.264025832388256,1.3234491985491554,21.69081932848936,20.115415966941768,0.0021936389864738014,0.005852621618258938
166,10.921020822191155,11.250488778383396,20.2310951442329,20.929711377572175,22.110230541936055,1.3068005347583371,1.945075308559259,0.0,10.932945723551544,4.361390565046698,6.655369486863955,10.137713900977953,10.382025149186298,0.0,13.338607357133666,7.689214160470259,13.601516623908415,20.172784782806836,19.069140149010817,11.56803183321525,14.844879363396768,15.371289738142517,17.264025832388256,1.3234491985491554,21.623286271655875,19.07991207300227,0.0021936389864738014,0.005852621618258938
167,11.479911184466765,13.884505739711747,20.27962204381833,20.929711377572175,22.110230541936055,2.129286040742998,1.945075308559259,0.0,14.128135698725364,3.822330768881977,8.509866589234692,6.3550853637786995,4.5293809568511465,0.0,13.64087578069813,12.426421583582819,15.144433354895904,21.223065130453982,20.77062321641884,16.594963876919326,19.11756921811302,15.358312137793318,17.264025832388256,1.3234491985491554,20.986422183767587,19.880758331850114,0.0021936389864738014,0.005852621618258938
168,11.017025218277817,12.375544560695406,20.282485159191754,15.206139789246802,22.110230541936055,3.392397552971479,1.945075308559259,0.0,15.740512359526525,1.4056847550269647,7.688448932439546,9.581547514877164,11.264639770133638,0.0,13.155709616873557,12.606646838172296,10.821795458717869,15.506491413305774,19.500259650332914,12.144442283218515,15.736562448765884,18.685803249686398,17.264025832388256,1.3234491985491554,20.733249701642915,20.339012039055802,0.0021936389864738014,0.005852621618258938
169,11.32793841228931,12.483592436310225,20.22002595622315,17.236856880959635,22.110230541936055,3.1560135586630773,1.945075308559259,0.0,11.144440816250981,3.1734700046358006,8.030864649673116,15.001644861817613,10.383489090207924,0.0,13.482759246305354,11.484425626315096,9.935834663458019,15.508020163733699,21.56911850271336,17.357006683048088,15.750530596263456,20.282796856687813,17.264025832388256,1.3234491985491554,19.491838933908756,18.66643448661967,0.0021936389864738014,0.005852621618258938
170,10.08948927462838,11.587362534807095,20.101088418096968,17.236856880959635,22.110230541936055,5.269658662015335,1.945075308559259,0.0,10.213962519818933,2.2135676330411873,4.801753275587133,11.879337982017178,1.668170012833056,0.0,14.578496860296388,7.755304312393044,13.07157547212223,13.15400513896059,18.48806730966565,11.29538708759701,12.292447819293173,14.030757088003034,17.264025832388256,1.3234491985491554,21.661525467698116,19.963932057901772,0.0021936389864738014,0.005852621618258938
171,11.942831407732204,14.186389089652817,20.185518141293407,17.236856880959635,22.110230541936055,22.7361340027496,1.945075308559259,0.0,13.752999099443347,1.5284615334807958,7.274790614629023,14.619779079862289,10.548550891661137,0.0,10.459736796695339,12.941265119893428,8.20779065163684,17.497197092927895,20.340409418426454,16.594963876919326,15.705290656328753,15.793168704963252,17.264025832388256,1.3234491985491554,21.412862184903613,21.02701471222572,0.0021936389864738014,0.005852621618258938
172,11.452065051846878,13.292685773878791,20.228498223528874,17.236856880959635,22.110230541936055,2.5053664970332954,1.945075308559259,0.0,12.558654793475485,2.340795178349319,6.002177869292726,16.278709450419292,10.990856974740245,0.0,14.026716754282097,11.250832810953053,11.388152703783263,16.466649731867086,20.340409418426454,16.594963876919326,15.370977408472775,17.15249033355724,17.264025832388256,1.3234491985491554,22.369152659202058,22.000602640719105,0.0021936389864738014,0.005852621618258938
173,11.415635253987675,13.461470441497276,20.158242398561868,17.236856880959635,20.55400420113375,3.1560135586630773,1.945075308559259,0.0,11.167238907084863,2.5310239039764992,7.136319727682511,14.632521592717486,10.72852837159645,0.0,18.741247203925557,15.70558924504277,9.838421431879095,12.290419290277068,20.340409418426454,16.594963876919326,15.431545539136074,18.361261697728384,17.264025832388256,1.3234491985491554,21.36176822459689,20.299544533270417,0.0021936389864738014,0.005852621618258938
174,10.541055165048643,11.681802233489126,20.201648340015947,17.236856880959635,21.28108155737799,3.1560135586630773,1.945075308559259,0.0,12.683676086292323,1.9973136580454236,7.234920270561947,9.898224471560127,5.245175807741924,0.0,19.610994005505095,9.299449017746184,12.10245121751204,12.229899389310237,18.392470036245268,11.261153249466213,14.760804848403769,13.126069462750179,17.264025832388256,1.3234491985491554,21.999216697471258,21.80941913553469,0.0021936389864738014,0.005852621618258938
175,11.645768797466797,14.13215106244547,20.188890864644904,17.236856880959635,21.28108155737799,3.1560135586630773,1.945075308559259,0.0,15.66464142840252,1.4455602671908392,7.540146708303288,14.60761255048614,14.791148360303499,0.0,18.848757587918545,13.245134058165188,13.605858862783263,13.6566895744048,18.577498631530336,11.429899286447819,15.87417868712717,16.070400235346515,17.264025832388256,1.3234491985491554,22.037267998293263,22.991755035686584,0.0021936389864738014,0.005852621618258938
176,11.37421630372614,13.747177467724365,20.167620285218803,17.236856880959635,21.28108155737799,3.1560135586630773,1.945075308559259,0.0,13.861954350427073,2.496603769325904,7.407853195321048,14.619779079862289,10.39047595882517,0.0,16.477833421690715,11.657203099915359,11.068038288374979,13.632400585021657,20.340409418426454,16.594963876919326,15.055840304627147,17.05797611013123,17.264025832388256,1.3234491985491554,21.395376938065223,21.290746617625118,0.0021936389864738014,0.005852621618258938
177,11.006329069280277,12.222788167331304,20.171736025146892,17.236856880959635,21.28108155737799,1.449501982682215,1.945075308559259,0.0,11.277021181184836,2.0044091659925467,7.581634336292751,14.48200058984108,8.95917900635527,0.0,14.031841595892333,9.172355375662553,11.104453593773133,18.92689933490854,20.340409418426454,16.594963876919326,13.168555153477772,14.440364224889157,17.264025832388256,1.3234491985491554,22.38231291914642,21.01838298225692,0.0021936389864738014,0.005852621618258938
178,12.477488125542884,15.219742760577457,20.17986227283774,17.236856880959635,21.28108155737799,22.7361340027496,1.945075308559259,0.0,10.915931832372722,2.8909793818177953,7.0921810301441255,16.138104909909394,14.791148360303499,0.0,19.60274168525635,9.378813205220457,10.731205047489686,15.648337160851414,20.340409418426454,15.943028711903558,14.624137713207048,17.683390481040274,17.264025832388256,1.3234491985491554,23.25086547052481,23.408885541621085,0.0021936389864738014,0.005852621618258938
179,12.959236623353299,15.84021659302492,20.207928847647658,17.236856880959635,21.28108155737799,22.7361340027496,1.945075308559259,0.0,16.037468578929143,3.574660481498264,13.764962773582157,13.295174942187959,11.139272608140047,0.0,18.788304326846198,9.383230687673892,15.642964607120696,17.09248361633268,20.340409418426454,17.15455499804567,13.912303795876024,20.135900081417315,17.264025832388256,1.3234491985491554,22.19314421117494,22.482719191098024,0.0021936389864738014,0.005852621618258938
180,11.582768400469241,13.16794814940698,20.253710011019468,17.236856880959635,21.28108155737799,1.4710461981771386,1.945075308559259,0.0,13.120639558533473,2.498220804649764,9.836320100780146,14.596014332579887,10.424439156420028,0.0,15.397879797769873,10.47194194674401,11.957676626984057,17.11786616235001,18.54137914316837,16.92684410489554,13.215256740280488,18.206803185385624,17.264025832388256,1.3234491985491554,23.754336905664896,24.303068598358454,0.0021936389864738014,0.005852621618258938
181,11.342295809980637,12.368589027042074,20.200633462779525,17.236856880959635,21.28108155737799,3.1560135586630773,1.945075308559259,0.0,12.42477538891023,2.872766713171603,8.087578791199482,14.523030001537993,10.629273147571709,0.0,13.11383610958334,11.099730100295051,9.749122148764538,12.312402665173915,21.56911850271336,22.198344105998206,13.901654561302315,15.463574418980963,17.264025832388256,1.3234491985491554,21.658339767371654,22.88096257704057,0.0021936389864738014,0.005852621618258938
182,11.708251376678643,14.129015390530345,20.218087618195426,17.236856880959635,21.28108155737799,3.1560135586630773,1.945075308559259,0.0,14.519614803445517,2.965584282803281,10.011145267151917,14.913570131884075,10.894172339824916,0.0,18.71948115090647,15.32214583261009,13.46269477508541,11.15627489377048,19.680549089612384,15.833270598311767,13.917980250221454,14.340050530839234,17.264025832388256,1.3234491985491554,22.811022128491,23.434343503389155,0.0021936389864738014,0.005852621618258938
183,12.788655960361812,15.81883169979691,20.271808581553536,17.236856880959635,21.28108155737799,3.1560135586630773,1.945075308559259,0.0,17.433139578920738,2.473992047694696,15.507178048847681,16.350160507040243,18.759730492554745,0.0,20.888475765407645,16.130485350746138,14.877661973715524,15.178208394682487,21.506604786868504,12.97201821800879,14.944921264366435,19.30671796678823,17.264025832388256,1.3234491985491554,21.6480115324296,22.04139186267999,0.0021936389864738014,0.005852621618258938
184,12.716345845602701,16.493474477857262,20.2341473956019,17.236856880959635,21.28108155737799,3.1560135586630773,1.945075308559259,0.0,18.572635148315875,2.0083566932373813,18.75925195766557,18.751584286949345,11.029904401576651,0.0,20.565960213549292,12.222875669346257,14.21915918397578,17.630029961587795,21.506604786868504,13.113560683482614,15.750092074754885,19.15461909844152,17.264025832388256,1.3234491985491554,22.018308958868786,22.87335287434603,0.0021936389864738014,0.005852621618258938
185,12.958265912699229,16.736916654638428,20.247619683634024,17.236856880959635,21.28108155737799,2.167697491545562,1.945075308559259,0.0,18.450047651824477,1.8946252435697843,17.43720371680438,16.30272396412039,10.93404816365113,0.0,20.11957390320975,16.143646716868567,15.616587474599044,17.171109345156463,21.506604786868504,17.357006683048088,15.131554325203304,20.577864182622054,17.264025832388256,1.3234491985491554,22.957529592466937,23.84093576654843,0.0021936389864738014,0.005852621618258938
